{"Ori_test_loss": 228.2030792236328, "Ori_acc1": 0.4184981684981685, "Ori_acc5": 0.559981684981685, "Ori_Macro-P": 0.4171696421696422, "Ori_Macro-R": 0.40795795795795803, "Ori_Macro-F1": 0.37543212543212534, "Atk_test_loss": 458.1407165527344, "Atk_acc1": 0.041666666666666664, "Atk_acc5": 0.11538461538461539, "Atk_Macro-P": 0.011904761904761904, "Atk_Macro-R": 0.0004976267034144848, "Atk_Macro-F1": 0.0009553203997648441, "_timestamp": 1698510447.8270333, "_runtime": 8.363765239715576, "_step": 0, "_wandb": {"runtime": 1}}