{"Ori_test_loss": 30.744159698486328, "Ori_acc1": 0.8371848739495799, "Ori_acc5": 0.9044117647058824, "Ori_Macro-P": 0.8261904761904763, "Ori_Macro-R": 0.8285714285714286, "Ori_Macro-F1": 0.7926303854875283, "Atk_test_loss": 376.6658020019531, "Atk_acc1": 0.03676470588235294, "Atk_acc5": 0.17857142857142858, "Atk_Macro-P": 0.021739130434782608, "Atk_Macro-R": 0.0008051529790660225, "Atk_Macro-F1": 0.0015527950310559005, "_timestamp": 1698514103.1958315, "_runtime": 136.040034532547, "_step": 0, "_wandb": {"runtime": 130}}