{"Ori_test_loss": 39.27151870727539, "Ori_acc1": 0.7405462184873949, "Ori_acc5": 0.9044117647058824, "Ori_Macro-P": 0.7681878306878307, "Ori_Macro-R": 0.7451388888888889, "Ori_Macro-F1": 0.71501924001924, "Atk_test_loss": 433.59149169921875, "Atk_acc1": 0.04411764705882353, "Atk_acc5": 0.11029411764705882, "Atk_Macro-P": 0.022727272727272728, "Atk_Macro-R": 0.00101010101010101, "Atk_Macro-F1": 0.0019342359767891683, "_timestamp": 1698514097.5381472, "_runtime": 130.62795519828796, "_step": 0, "_wandb": {"runtime": 124}}