{"Ori_test_loss": 46.95376205444336, "Ori_acc1": 0.7573529411764706, "Ori_acc5": 0.8676470588235294, "Ori_Macro-P": 0.7388982683982683, "Ori_Macro-R": 0.755, "Ori_Macro-F1": 0.7089886779886779, "Atk_test_loss": 359.8055114746094, "Atk_acc1": 0.03676470588235294, "Atk_acc5": 0.16911764705882354, "Atk_Macro-P": 0.023255813953488372, "Atk_Macro-R": 0.0008613264427217916, "Atk_Macro-F1": 0.0016611295681063121, "_timestamp": 1698513937.6999376, "_runtime": 119.37327265739441, "_step": 0, "_wandb": {"runtime": 115}}