{"Ori_test_loss": 32.177032470703125, "Ori_acc1": 0.8455882352941176, "Ori_acc5": 0.8823529411764706, "Ori_Macro-P": 0.8565972222222222, "Ori_Macro-R": 0.8506944444444445, "Ori_Macro-F1": 0.8340277777777777, "Atk_test_loss": 136.56980895996094, "Atk_acc1": 0.11764705882352941, "Atk_acc5": 0.36344537815126055, "Atk_Macro-P": 0.023255813953488372, "Atk_Macro-R": 0.002756244616709733, "Atk_Macro-F1": 0.004928384413984291, "_timestamp": 1698510916.305696, "_runtime": 7.407691955566406, "_step": 0, "_wandb": {"runtime": 1}}