{"Ori_test_loss": 72.07609558105469, "Ori_acc1": 0.6953781512605042, "Ori_acc5": 0.8077731092436975, "Ori_Macro-P": 0.6857142857142857, "Ori_Macro-R": 0.6904761904761904, "Ori_Macro-F1": 0.6630546324423876, "Atk_test_loss": 324.05865478515625, "Atk_acc1": 0.0661764705882353, "Atk_acc5": 0.17647058823529413, "Atk_Macro-P": 0.023255813953488372, "Atk_Macro-R": 0.0015503875968992248, "Atk_Macro-F1": 0.0029069767441860465, "_timestamp": 1698513903.42972, "_runtime": 85.73784685134888, "_step": 0, "_wandb": {"runtime": 81}}