{"Ori_test_loss": 35.9919319152832, "Ori_acc1": 0.7857142857142857, "Ori_acc5": 0.8739495798319328, "Ori_Macro-P": 0.7603809523809524, "Ori_Macro-R": 0.78, "Ori_Macro-F1": 0.7483751803751802, "Atk_test_loss": 407.9323425292969, "Atk_acc1": 0.04411764705882353, "Atk_acc5": 0.125, "Atk_Macro-P": 0.022727272727272728, "Atk_Macro-R": 0.00101010101010101, "Atk_Macro-F1": 0.0019342359767891683, "_timestamp": 1698514055.8074658, "_runtime": 88.65220880508423, "_step": 0, "_wandb": {"runtime": 84}}