{"Ori_test_loss": 94.88987731933594, "Ori_acc1": 0.7239010989010989, "Ori_acc5": 0.8237179487179487, "Ori_Macro-P": 0.7198821763553906, "Ori_Macro-R": 0.7102678571428572, "Ori_Macro-F1": 0.6725578401523781, "Atk_test_loss": 360.9810485839844, "Atk_acc1": 0.08653846153846154, "Atk_acc5": 0.11904761904761905, "Atk_Macro-P": 0.040417647654489755, "Atk_Macro-R": 0.097953216374269, "Atk_Macro-F1": 0.054768623189675826, "_timestamp": 1698511978.6916513, "_runtime": 7.5345964431762695, "_step": 0, "_wandb": {"runtime": 1}}