{"Ori_test_loss": 119.85835266113281, "Ori_acc1": 0.7019230769230769, "Ori_acc5": 0.7692307692307693, "Ori_Macro-P": 0.7124866284158321, "Ori_Macro-R": 0.6887694900969238, "Ori_Macro-F1": 0.6770035274460053, "Atk_test_loss": 266.2120056152344, "Atk_acc1": 0.17307692307692307, "Atk_acc5": 0.5302197802197802, "Atk_Macro-P": 0.01098901098901099, "Atk_Macro-R": 0.0019080597858732908, "Atk_Macro-F1": 0.003251542977570375, "_timestamp": 1698510770.086854, "_runtime": 7.489736080169678, "_step": 0, "_wandb": {"runtime": 1}}