{"Ori_test_loss": 84.72367858886719, "Ori_acc1": 0.7405462184873949, "Ori_acc5": 0.8004201680672269, "Ori_Macro-P": 0.6586190476190477, "Ori_Macro-R": 0.7103333333333333, "Ori_Macro-F1": 0.6575079365079365, "Atk_test_loss": 352.0772399902344, "Atk_acc1": 0.07352941176470588, "Atk_acc5": 0.125, "Atk_Macro-P": 0.03642857142857143, "Atk_Macro-R": 0.068, "Atk_Macro-F1": 0.04557575757575757, "_timestamp": 1698509324.145192, "_runtime": 7.488860845565796, "_step": 0, "_wandb": {"runtime": 1}}