{"Ori_test_loss": 74.50528717041016, "Ori_acc1": 0.6985294117647058, "Ori_acc5": 0.7867647058823529, "Ori_Macro-P": 0.655921459492888, "Ori_Macro-R": 0.6829931972789116, "Ori_Macro-F1": 0.6334364048649762, "Atk_test_loss": 252.0653533935547, "Atk_acc1": 0.08088235294117647, "Atk_acc5": 0.34558823529411764, "Atk_Macro-P": 0.025, "Atk_Macro-R": 0.0020370370370370373, "Atk_Macro-F1": 0.0037671232876712334, "_timestamp": 1698514245.6559498, "_runtime": 134.67914581298828, "_step": 0, "_wandb": {"runtime": 132}}