{"Ori_test_loss": 56.760093688964844, "Ori_acc1": 0.7279411764705882, "Ori_acc5": 0.8455882352941176, "Ori_Macro-P": 0.6949047619047619, "Ori_Macro-R": 0.7173333333333335, "Ori_Macro-F1": 0.6722957042957043, "Atk_test_loss": 364.4612121582031, "Atk_acc1": 0.07352941176470588, "Atk_acc5": 0.14705882352941177, "Atk_Macro-P": 0.023255813953488372, "Atk_Macro-R": 0.0017226528854435831, "Atk_Macro-F1": 0.0032076984763432237, "_timestamp": 1698511254.1782002, "_runtime": 6.969872236251831, "_step": 0, "_wandb": {"runtime": 1}}