{"Ori_test_loss": 39.63470458984375, "Ori_acc1": 0.7930672268907564, "Ori_acc5": 0.8518907563025211, "Ori_Macro-P": 0.7153333333333333, "Ori_Macro-R": 0.7666666666666666, "Ori_Macro-F1": 0.7182279942279942, "Atk_test_loss": 317.0744934082031, "Atk_acc1": 0.04411764705882353, "Atk_acc5": 0.1334033613445378, "Atk_Macro-P": 0.023809523809523808, "Atk_Macro-R": 0.0010582010582010583, "Atk_Macro-F1": 0.002026342451874367, "_timestamp": 1698511266.5807378, "_runtime": 5.198297739028931, "_step": 0, "_wandb": {"runtime": 1}}