{"Ori_test_loss": 66.51447296142578, "Ori_acc1": 0.6953781512605042, "Ori_acc5": 0.7626050420168067, "Ori_Macro-P": 0.7067784256559766, "Ori_Macro-R": 0.7238095238095239, "Ori_Macro-F1": 0.6687718510647683, "Atk_test_loss": 190.5049591064453, "Atk_acc1": 0.10294117647058823, "Atk_acc5": 0.3119747899159664, "Atk_Macro-P": 0.023809523809523808, "Atk_Macro-R": 0.0024691358024691358, "Atk_Macro-F1": 0.0044742729306487695, "_timestamp": 1698514283.9343772, "_runtime": 174.23508620262146, "_step": 0, "_wandb": {"runtime": 170}}