{"Ori_test_loss": 160.74920654296875, "Ori_acc1": 0.7010073260073261, "Ori_acc5": 0.7875457875457875, "Ori_Macro-P": 0.6813220113220113, "Ori_Macro-R": 0.6889393939393937, "Ori_Macro-F1": 0.6490818356727448, "Atk_test_loss": 657.5239868164062, "Atk_acc1": 0.08333333333333333, "Atk_acc5": 0.19230769230769232, "Atk_Macro-P": 0.011363636363636364, "Atk_Macro-R": 0.0009500146156094708, "Atk_Macro-F1": 0.0017534394388993796, "_timestamp": 1698511746.5244758, "_runtime": 7.463389873504639, "_step": 0, "_wandb": {"runtime": 1}}