{"Ori_test_loss": 50.84992218017578, "Ori_acc1": 0.7237394957983193, "Ori_acc5": 0.8266806722689076, "Ori_Macro-P": 0.6781309523809523, "Ori_Macro-R": 0.7240000000000001, "Ori_Macro-F1": 0.6745755297334245, "Atk_test_loss": 192.20315551757812, "Atk_acc1": 0.1218487394957983, "Atk_acc5": 0.23214285714285712, "Atk_Macro-P": 0.024390243902439025, "Atk_Macro-R": 0.002890695573622403, "Atk_Macro-F1": 0.005168793409788403, "_timestamp": 1698514323.5152135, "_runtime": 212.21990442276, "_step": 0, "_wandb": {"runtime": 206}}