{"Ori_test_loss": 51.2549934387207, "Ori_acc1": 0.763655462184874, "Ori_acc5": 0.8298319327731093, "Ori_Macro-P": 0.7632653061224488, "Ori_Macro-R": 0.7333333333333334, "Ori_Macro-F1": 0.7241172659540006, "Atk_test_loss": 271.8209228515625, "Atk_acc1": 0.08928571428571429, "Atk_acc5": 0.23214285714285712, "Atk_Macro-P": 0.023255813953488372, "Atk_Macro-R": 0.0020671834625323, "Atk_Macro-F1": 0.0037968675842429997, "_timestamp": 1698514253.3015423, "_runtime": 142.17421531677246, "_step": 0, "_wandb": {"runtime": 136}}