{"Ori_test_loss": 49.07695007324219, "Ori_acc1": 0.7563025210084033, "Ori_acc5": 0.8455882352941176, "Ori_Macro-P": 0.8079931972789116, "Ori_Macro-R": 0.7534013605442177, "Ori_Macro-F1": 0.7410754778101716, "Atk_test_loss": 254.34921264648438, "Atk_acc1": 0.0661764705882353, "Atk_acc5": 0.13970588235294118, "Atk_Macro-P": 0.021739130434782608, "Atk_Macro-R": 0.0014492753623188406, "Atk_Macro-F1": 0.002717391304347826, "_timestamp": 1698511345.1197662, "_runtime": 7.232550144195557, "_step": 0, "_wandb": {"runtime": 1}}