{"Ori_test_loss": 60.218631744384766, "Ori_acc1": 0.7048319327731093, "Ori_acc5": 0.8602941176470589, "Ori_Macro-P": 0.6946240833995936, "Ori_Macro-R": 0.6663265306122449, "Ori_Macro-F1": 0.6450172276702889, "Atk_test_loss": 262.2839660644531, "Atk_acc1": 0.07352941176470588, "Atk_acc5": 0.5084033613445378, "Atk_Macro-P": 0.025, "Atk_Macro-R": 0.0018518518518518517, "Atk_Macro-F1": 0.0034482758620689655, "_timestamp": 1698513922.6521044, "_runtime": 104.34516549110413, "_step": 0, "_wandb": {"runtime": 101}}