{"Ori_test_loss": 42.74134063720703, "Ori_acc1": 0.7468487394957983, "Ori_acc5": 0.8529411764705882, "Ori_Macro-P": 0.8116459627329192, "Ori_Macro-R": 0.7681159420289854, "Ori_Macro-F1": 0.7434610075914422, "Atk_test_loss": 286.3189697265625, "Atk_acc1": 0.03676470588235294, "Atk_acc5": 0.11869747899159663, "Atk_Macro-P": 0.023255813953488372, "Atk_Macro-R": 0.0008613264427217916, "Atk_Macro-F1": 0.0016611295681063121, "_timestamp": 1698511339.7935812, "_runtime": 7.169241189956665, "_step": 0, "_wandb": {"runtime": 1}}