{"Ori_test_loss": 60.68988037109375, "Ori_acc1": 0.7279411764705882, "Ori_acc5": 0.7941176470588235, "Ori_Macro-P": 0.7308066083576288, "Ori_Macro-R": 0.7489795918367348, "Ori_Macro-F1": 0.6981709900077248, "Atk_test_loss": 408.41217041015625, "Atk_acc1": 0.051470588235294115, "Atk_acc5": 0.13970588235294118, "Atk_Macro-P": 0.023255813953488372, "Atk_Macro-R": 0.0012058570198105081, "Atk_Macro-F1": 0.002292826727808713, "_timestamp": 1698514081.5710554, "_runtime": 114.76321148872375, "_step": 0, "_wandb": {"runtime": 109}}