{"Ori_test_loss": 29.59937858581543, "Ori_acc1": 0.8014705882352942, "Ori_acc5": 0.875, "Ori_Macro-P": 0.7221212121212122, "Ori_Macro-R": 0.7343333333333334, "Ori_Macro-F1": 0.7091111111111111, "Atk_test_loss": 334.67108154296875, "Atk_acc1": 0.022058823529411766, "Atk_acc5": 0.1323529411764706, "Atk_Macro-P": 0.023809523809523808, "Atk_Macro-R": 0.0005291005291005291, "Atk_Macro-F1": 0.0010351966873706005, "_timestamp": 1698513901.956712, "_runtime": 84.01744198799133, "_step": 0, "_wandb": {"runtime": 79}}