{"Ori_test_loss": 105.77103424072266, "Ori_acc1": 0.75, "Ori_acc5": 0.8602941176470589, "Ori_Macro-P": 0.6707482993197279, "Ori_Macro-R": 0.7017006802721089, "Ori_Macro-F1": 0.6630061548428895, "Atk_test_loss": 665.169677734375, "Atk_acc1": 0.04411764705882353, "Atk_acc5": 0.1323529411764706, "Atk_Macro-P": 0.025, "Atk_Macro-R": 0.0011111111111111111, "Atk_Macro-F1": 0.002127659574468085, "_timestamp": 1698509909.5579443, "_runtime": 6.68860936164856, "_step": 0, "_wandb": {"runtime": 1}}